title,rating,score,vote,type,director,writter,duration,release date,release country,location,reviews,storyline,budget en $,Opening weekend USA en $,gross en $,Cumulate Worldwide Gross en $,runtime,sound Mix,Color,Aspect Ratio
Hababam Sinifi,9.3,xxx,38.133,Comedy; Drama,Frank Darabont,Stephen King,2h 22min,1995-03-1,USA,Sandy Point; St. Croix; U.S. Virgin Islands,9064,"Chronicles the experiences of a formerly successful banker as a prisoner in the gloomy jailhouse of Shawshank after being found guilty of a crime he did not commit. The film portrays the man's unique way of dealing with his new, torturous life; along the way he befriends a number of fellow prisoners, most notably a wise long-term inmate named Red.",25000000.0,727327.0,28699976.0,28817291.0,87 min,Dolby Digital,Color,1.85 : 1
Les Évadés,9.3,80,2.391.450,Drama,Frank Darabont,Stephen King,2h 22min,1995-03-1,USA,Sandy Point; St. Croix; U.S. Virgin Islands,9064,"Chronicles the experiences of a formerly successful banker as a prisoner in the gloomy jailhouse of Shawshank after being found guilty of a crime he did not commit. The film portrays the man's unique way of dealing with his new, torturous life; along the way he befriends a number of fellow prisoners, most notably a wise long-term inmate named Red.",25000000.0,727327.0,28699976.0,28817291.0,142 min,Dolby Digital,Color,1.85 : 1
Aynabaji,9.2,xxx,23.749,Crime; Mystery;,Frank Darabont,Stephen King,2h 22min,1995-03-1,USA,Sandy Point; St. Croix; U.S. Virgin Islands,9064,"Chronicles the experiences of a formerly successful banker as a prisoner in the gloomy jailhouse of Shawshank after being found guilty of a crime he did not commit. The film portrays the man's unique way of dealing with his new, torturous life; along the way he befriends a number of fellow prisoners, most notably a wise long-term inmate named Red.",25000000.0,727327.0,28699976.0,28817291.0,147 min,Dolby Digital,Color,1.85 : 1
Le parrain,9.2,100,1.656.870,Crime; Drama,Frank Darabont,Stephen King,2h 22min,1995-03-1,USA,Sandy Point; St. Croix; U.S. Virgin Islands,9064,"Chronicles the experiences of a formerly successful banker as a prisoner in the gloomy jailhouse of Shawshank after being found guilty of a crime he did not commit. The film portrays the man's unique way of dealing with his new, torturous life; along the way he befriends a number of fellow prisoners, most notably a wise long-term inmate named Red.",25000000.0,727327.0,28699976.0,28817291.0,175 min,Dolby Digital,Color,1.85 : 1
Soorarai Pottru,9.1,xxx,69.313,Drama,Frank Darabont,Stephen King,2h 22min,1995-03-1,USA,Sandy Point; St. Croix; U.S. Virgin Islands,9064,"Chronicles the experiences of a formerly successful banker as a prisoner in the gloomy jailhouse of Shawshank after being found guilty of a crime he did not commit. The film portrays the man's unique way of dealing with his new, torturous life; along the way he befriends a number of fellow prisoners, most notably a wise long-term inmate named Red.",25000000.0,727327.0,28699976.0,28817291.0,153 min,Dolby Digital,Color,1.85 : 1
Peranbu,9.0,xxx,13.459,Drama,Frank Darabont,Stephen King,2h 22min,1995-03-1,USA,Sandy Point; St. Croix; U.S. Virgin Islands,9064,"Chronicles the experiences of a formerly successful banker as a prisoner in the gloomy jailhouse of Shawshank after being found guilty of a crime he did not commit. The film portrays the man's unique way of dealing with his new, torturous life; along the way he befriends a number of fellow prisoners, most notably a wise long-term inmate named Red.",25000000.0,727327.0,28699976.0,28817291.0,147 min,Dolby Digital,Color,1.85 : 1
C/o Kancharapalem,9.0,xxx,5.132,Drama,Frank Darabont,Stephen King,2h 22min,1995-03-1,USA,Sandy Point; St. Croix; U.S. Virgin Islands,9064,"Chronicles the experiences of a formerly successful banker as a prisoner in the gloomy jailhouse of Shawshank after being found guilty of a crime he did not commit. The film portrays the man's unique way of dealing with his new, torturous life; along the way he befriends a number of fellow prisoners, most notably a wise long-term inmate named Red.",25000000.0,727327.0,28699976.0,28817291.0,152 min,Dolby Digital,Color,1.85 : 1
Aloko Udapadi,9.0,xxx,6.665,Drama; History,Frank Darabont,Stephen King,2h 22min,1995-03-1,USA,Sandy Point; St. Croix; U.S. Virgin Islands,9064,"Chronicles the experiences of a formerly successful banker as a prisoner in the gloomy jailhouse of Shawshank after being found guilty of a crime he did not commit. The film portrays the man's unique way of dealing with his new, torturous life; along the way he befriends a number of fellow prisoners, most notably a wise long-term inmate named Red.",25000000.0,727327.0,28699976.0,28817291.0,113 min,Dolby Digital,Color,1.85 : 1
Natsamrat,9.0,xxx,5.636,Drama; Family,Frank Darabont,Stephen King,2h 22min,1995-03-1,USA,Sandy Point; St. Croix; U.S. Virgin Islands,9064,"Chronicles the experiences of a formerly successful banker as a prisoner in the gloomy jailhouse of Shawshank after being found guilty of a crime he did not commit. The film portrays the man's unique way of dealing with his new, torturous life; along the way he befriends a number of fellow prisoners, most notably a wise long-term inmate named Red.",25000000.0,727327.0,28699976.0,28817291.0,166 min,Dolby Digital,Color,1.85 : 1
Love on a Leash,9.0,xxx,6.954,Comedy; Drama;,Frank Darabont,Stephen King,2h 22min,1995-03-1,USA,Sandy Point; St. Croix; U.S. Virgin Islands,9064,"Chronicles the experiences of a formerly successful banker as a prisoner in the gloomy jailhouse of Shawshank after being found guilty of a crime he did not commit. The film portrays the man's unique way of dealing with his new, torturous life; along the way he befriends a number of fellow prisoners, most notably a wise long-term inmate named Red.",25000000.0,727327.0,28699976.0,28817291.0,90 min,Dolby Digital,Color,1.85 : 1
The Dark Knight : Le Chevalier noir,9.0,84,2.353.704,Action; Crime;,Frank Darabont,Stephen King,2h 22min,1995-03-1,USA,Sandy Point; St. Croix; U.S. Virgin Islands,9064,"Chronicles the experiences of a formerly successful banker as a prisoner in the gloomy jailhouse of Shawshank after being found guilty of a crime he did not commit. The film portrays the man's unique way of dealing with his new, torturous life; along the way he befriends a number of fellow prisoners, most notably a wise long-term inmate named Red.",25000000.0,727327.0,28699976.0,28817291.0,152 min,Dolby Digital,Color,1.85 : 1
Tosun Pasa,9.0,xxx,21.974,Comedy; History,Frank Darabont,Stephen King,2h 22min,1995-03-1,USA,Sandy Point; St. Croix; U.S. Virgin Islands,9064,"Chronicles the experiences of a formerly successful banker as a prisoner in the gloomy jailhouse of Shawshank after being found guilty of a crime he did not commit. The film portrays the man's unique way of dealing with his new, torturous life; along the way he befriends a number of fellow prisoners, most notably a wise long-term inmate named Red.",25000000.0,727327.0,28699976.0,28817291.0,90 min,Dolby Digital,Color,1.85 : 1
Maratonci trce pocasni krug,9.0,xxx,14.748,Comedy; Drama,Frank Darabont,Stephen King,2h 22min,1995-03-1,USA,Sandy Point; St. Croix; U.S. Virgin Islands,9064,"Chronicles the experiences of a formerly successful banker as a prisoner in the gloomy jailhouse of Shawshank after being found guilty of a crime he did not commit. The film portrays the man's unique way of dealing with his new, torturous life; along the way he befriends a number of fellow prisoners, most notably a wise long-term inmate named Red.",25000000.0,727327.0,28699976.0,28817291.0,92 min,Dolby Digital,Color,1.85 : 1
Al-risâlah,9.0,xxx,8.097,Biography; Dram,Frank Darabont,Stephen King,2h 22min,1995-03-1,USA,Sandy Point; St. Croix; U.S. Virgin Islands,9064,"Chronicles the experiences of a formerly successful banker as a prisoner in the gloomy jailhouse of Shawshank after being found guilty of a crime he did not commit. The film portrays the man's unique way of dealing with his new, torturous life; along the way he befriends a number of fellow prisoners, most notably a wise long-term inmate named Red.",25000000.0,727327.0,28699976.0,28817291.0,207 min,Dolby Digital,Color,1.85 : 1
"Le parrain, 2ème partie",9.0,90,1.152.012,Crime; Drama,Frank Darabont,Stephen King,2h 22min,1995-03-1,USA,Sandy Point; St. Croix; U.S. Virgin Islands,9064,"Chronicles the experiences of a formerly successful banker as a prisoner in the gloomy jailhouse of Shawshank after being found guilty of a crime he did not commit. The film portrays the man's unique way of dealing with his new, torturous life; along the way he befriends a number of fellow prisoners, most notably a wise long-term inmate named Red.",25000000.0,727327.0,28699976.0,28817291.0,202 min,Dolby Digital,Color,1.85 : 1
12 Hommes en colère,9.0,96,705.449,Crime; Drama,Frank Darabont,Stephen King,2h 22min,1995-03-1,USA,Sandy Point; St. Croix; U.S. Virgin Islands,9064,"Chronicles the experiences of a formerly successful banker as a prisoner in the gloomy jailhouse of Shawshank after being found guilty of a crime he did not commit. The film portrays the man's unique way of dealing with his new, torturous life; along the way he befriends a number of fellow prisoners, most notably a wise long-term inmate named Red.",25000000.0,727327.0,28699976.0,28817291.0,96 min,Dolby Digital,Color,1.85 : 1
Süt Kardesler,8.9,xxx,18.844,Comedy; Family;,Frank Darabont,Stephen King,2h 22min,1995-03-1,USA,Sandy Point; St. Croix; U.S. Virgin Islands,9064,"Chronicles the experiences of a formerly successful banker as a prisoner in the gloomy jailhouse of Shawshank after being found guilty of a crime he did not commit. The film portrays the man's unique way of dealing with his new, torturous life; along the way he befriends a number of fellow prisoners, most notably a wise long-term inmate named Red.",25000000.0,727327.0,28699976.0,28817291.0,80 min,Dolby Digital,Color,1.85 : 1
Hababam Sinifi Sinifta Kaldi,8.9,xxx,22.190,Comedy,Frank Darabont,Stephen King,2h 22min,1995-03-1,USA,Sandy Point; St. Croix; U.S. Virgin Islands,9064,"Chronicles the experiences of a formerly successful banker as a prisoner in the gloomy jailhouse of Shawshank after being found guilty of a crime he did not commit. The film portrays the man's unique way of dealing with his new, torturous life; along the way he befriends a number of fellow prisoners, most notably a wise long-term inmate named Red.",25000000.0,727327.0,28699976.0,28817291.0,91 min,Dolby Digital,Color,1.85 : 1
Le Seigneur des anneaux : Le Retour du roi,8.9,94,1.671.324,Action; Adventu,Frank Darabont,Stephen King,2h 22min,1995-03-1,USA,Sandy Point; St. Croix; U.S. Virgin Islands,9064,"Chronicles the experiences of a formerly successful banker as a prisoner in the gloomy jailhouse of Shawshank after being found guilty of a crime he did not commit. The film portrays the man's unique way of dealing with his new, torturous life; along the way he befriends a number of fellow prisoners, most notably a wise long-term inmate named Red.",25000000.0,727327.0,28699976.0,28817291.0,201 min,Dolby Digital,Color,1.85 : 1
Pulp Fiction,8.9,94,1.861.171,Crime; Drama,Frank Darabont,Stephen King,2h 22min,1995-03-1,USA,Sandy Point; St. Croix; U.S. Virgin Islands,9064,"Chronicles the experiences of a formerly successful banker as a prisoner in the gloomy jailhouse of Shawshank after being found guilty of a crime he did not commit. The film portrays the man's unique way of dealing with his new, torturous life; along the way he befriends a number of fellow prisoners, most notably a wise long-term inmate named Red.",25000000.0,727327.0,28699976.0,28817291.0,154 min,Dolby Digital,Color,1.85 : 1
La liste de Schindler,8.9,94,1.235.317,Biography; Dram,Frank Darabont,Stephen King,2h 22min,1995-03-1,USA,Sandy Point; St. Croix; U.S. Virgin Islands,9064,"Chronicles the experiences of a formerly successful banker as a prisoner in the gloomy jailhouse of Shawshank after being found guilty of a crime he did not commit. The film portrays the man's unique way of dealing with his new, torturous life; along the way he befriends a number of fellow prisoners, most notably a wise long-term inmate named Red.",25000000.0,727327.0,28699976.0,28817291.0,195 min,Dolby Digital,Color,1.85 : 1
Balkanski spijun,8.9,xxx,10.721,Comedy; Drama,Frank Darabont,Stephen King,2h 22min,1995-03-1,USA,Sandy Point; St. Croix; U.S. Virgin Islands,9064,"Chronicles the experiences of a formerly successful banker as a prisoner in the gloomy jailhouse of Shawshank after being found guilty of a crime he did not commit. The film portrays the man's unique way of dealing with his new, torturous life; along the way he befriends a number of fellow prisoners, most notably a wise long-term inmate named Red.",25000000.0,727327.0,28699976.0,28817291.0,95 min,Dolby Digital,Color,1.85 : 1
Qui chante là-bas ?,8.9,xxx,14.377,Adventure; Come,Frank Darabont,Stephen King,2h 22min,1995-03-1,USA,Sandy Point; St. Croix; U.S. Virgin Islands,9064,"Chronicles the experiences of a formerly successful banker as a prisoner in the gloomy jailhouse of Shawshank after being found guilty of a crime he did not commit. The film portrays the man's unique way of dealing with his new, torturous life; along the way he befriends a number of fellow prisoners, most notably a wise long-term inmate named Red.",25000000.0,727327.0,28699976.0,28817291.0,86 min,Dolby Digital,Color,1.85 : 1
Pariyerum Perumal,8.8,xxx,10.171,Drama,Frank Darabont,Stephen King,2h 22min,1995-03-1,USA,Sandy Point; St. Croix; U.S. Virgin Islands,9064,"Chronicles the experiences of a formerly successful banker as a prisoner in the gloomy jailhouse of Shawshank after being found guilty of a crime he did not commit. The film portrays the man's unique way of dealing with his new, torturous life; along the way he befriends a number of fellow prisoners, most notably a wise long-term inmate named Red.",25000000.0,727327.0,28699976.0,28817291.0,154 min,Dolby Digital,Color,1.85 : 1
Kill Bill: The Whole Bloody Affair,8.8,xxx,6.644,Action; Crime;,Frank Darabont,Stephen King,2h 22min,1995-03-1,USA,Sandy Point; St. Croix; U.S. Virgin Islands,9064,"Chronicles the experiences of a formerly successful banker as a prisoner in the gloomy jailhouse of Shawshank after being found guilty of a crime he did not commit. The film portrays the man's unique way of dealing with his new, torturous life; along the way he befriends a number of fellow prisoners, most notably a wise long-term inmate named Red.",25000000.0,727327.0,28699976.0,28817291.0,247 min,Dolby Digital,Color,1.85 : 1
The Phantom of the Opera at the Royal Albert Hall,8.8,xxx,8.410,Drama; Music; M,Frank Darabont,Stephen King,2h 22min,1995-03-1,USA,Sandy Point; St. Croix; U.S. Virgin Islands,9064,"Chronicles the experiences of a formerly successful banker as a prisoner in the gloomy jailhouse of Shawshank after being found guilty of a crime he did not commit. The film portrays the man's unique way of dealing with his new, torturous life; along the way he befriends a number of fellow prisoners, most notably a wise long-term inmate named Red.",25000000.0,727327.0,28699976.0,28817291.0,137 min,Dolby Digital,Color,1.85 : 1
Les Misérables in Concert: The 25th Anniversary,8.8,xxx,5.571,Drama; Music; M,Frank Darabont,Stephen King,2h 22min,1995-03-1,USA,Sandy Point; St. Croix; U.S. Virgin Islands,9064,"Chronicles the experiences of a formerly successful banker as a prisoner in the gloomy jailhouse of Shawshank after being found guilty of a crime he did not commit. The film portrays the man's unique way of dealing with his new, torturous life; along the way he befriends a number of fellow prisoners, most notably a wise long-term inmate named Red.",25000000.0,727327.0,28699976.0,28817291.0,178 min,Dolby Digital,Color,1.85 : 1
Inception,8.8,74,2.112.109,Action; Adventu,Frank Darabont,Stephen King,2h 22min,1995-03-1,USA,Sandy Point; St. Croix; U.S. Virgin Islands,9064,"Chronicles the experiences of a formerly successful banker as a prisoner in the gloomy jailhouse of Shawshank after being found guilty of a crime he did not commit. The film portrays the man's unique way of dealing with his new, torturous life; along the way he befriends a number of fellow prisoners, most notably a wise long-term inmate named Red.",25000000.0,727327.0,28699976.0,28817291.0,148 min,Dolby Digital,Color,1.85 : 1
Drishyam 2,8.8,xxx,24.227,Crime; Drama; T,Frank Darabont,Stephen King,2h 22min,1995-03-1,USA,Sandy Point; St. Croix; U.S. Virgin Islands,9064,"Chronicles the experiences of a formerly successful banker as a prisoner in the gloomy jailhouse of Shawshank after being found guilty of a crime he did not commit. The film portrays the man's unique way of dealing with his new, torturous life; along the way he befriends a number of fellow prisoners, most notably a wise long-term inmate named Red.",25000000.0,727327.0,28699976.0,28817291.0,152 min,Dolby Digital,Color,1.85 : 1
Saban Oglu Saban,8.8,xxx,16.602,Comedy; Crime;,Frank Darabont,Stephen King,2h 22min,1995-03-1,USA,Sandy Point; St. Croix; U.S. Virgin Islands,9064,"Chronicles the experiences of a formerly successful banker as a prisoner in the gloomy jailhouse of Shawshank after being found guilty of a crime he did not commit. The film portrays the man's unique way of dealing with his new, torturous life; along the way he befriends a number of fellow prisoners, most notably a wise long-term inmate named Red.",25000000.0,727327.0,28699976.0,28817291.0,90 min,Dolby Digital,Color,1.85 : 1
Hababam Sinifi Uyaniyor,8.8,xxx,18.619,Comedy,Frank Darabont,Stephen King,2h 22min,1995-03-1,USA,Sandy Point; St. Croix; U.S. Virgin Islands,9064,"Chronicles the experiences of a formerly successful banker as a prisoner in the gloomy jailhouse of Shawshank after being found guilty of a crime he did not commit. The film portrays the man's unique way of dealing with his new, torturous life; along the way he befriends a number of fellow prisoners, most notably a wise long-term inmate named Red.",25000000.0,727327.0,28699976.0,28817291.0,94 min,Dolby Digital,Color,1.85 : 1
Kireedam,8.8,xxx,6.511,Action; Drama,Frank Darabont,Stephen King,2h 22min,1995-03-1,USA,Sandy Point; St. Croix; U.S. Virgin Islands,9064,"Chronicles the experiences of a formerly successful banker as a prisoner in the gloomy jailhouse of Shawshank after being found guilty of a crime he did not commit. The film portrays the man's unique way of dealing with his new, torturous life; along the way he befriends a number of fellow prisoners, most notably a wise long-term inmate named Red.",25000000.0,727327.0,28699976.0,28817291.0,124 min,Dolby Digital,Color,1.85 : 1
Fight Club,8.8,66,1.890.740,Drama,Frank Darabont,Stephen King,2h 22min,1995-03-1,USA,Sandy Point; St. Croix; U.S. Virgin Islands,9064,"Chronicles the experiences of a formerly successful banker as a prisoner in the gloomy jailhouse of Shawshank after being found guilty of a crime he did not commit. The film portrays the man's unique way of dealing with his new, torturous life; along the way he befriends a number of fellow prisoners, most notably a wise long-term inmate named Red.",25000000.0,727327.0,28699976.0,28817291.0,139 min,Dolby Digital,Color,1.85 : 1
Le Seigneur des anneaux : La Communauté de l'anneau,8.8,92,1.692.025,Action; Adventu,Frank Darabont,Stephen King,2h 22min,1995-03-1,USA,Sandy Point; St. Croix; U.S. Virgin Islands,9064,"Chronicles the experiences of a formerly successful banker as a prisoner in the gloomy jailhouse of Shawshank after being found guilty of a crime he did not commit. The film portrays the man's unique way of dealing with his new, torturous life; along the way he befriends a number of fellow prisoners, most notably a wise long-term inmate named Red.",25000000.0,727327.0,28699976.0,28817291.0,178 min,Dolby Digital,Color,1.85 : 1
Forrest Gump,8.8,82,1.849.722,Drama; Romance,Frank Darabont,Stephen King,2h 22min,1995-03-1,USA,Sandy Point; St. Croix; U.S. Virgin Islands,9064,"Chronicles the experiences of a formerly successful banker as a prisoner in the gloomy jailhouse of Shawshank after being found guilty of a crime he did not commit. The film portrays the man's unique way of dealing with his new, torturous life; along the way he befriends a number of fellow prisoners, most notably a wise long-term inmate named Red.",25000000.0,727327.0,28699976.0,28817291.0,142 min,Dolby Digital,Color,1.85 : 1
"Le Bon, la brute, le truand",8.8,90,699.901,Western,Frank Darabont,Stephen King,2h 22min,1995-03-1,USA,Sandy Point; St. Croix; U.S. Virgin Islands,9064,"Chronicles the experiences of a formerly successful banker as a prisoner in the gloomy jailhouse of Shawshank after being found guilty of a crime he did not commit. The film portrays the man's unique way of dealing with his new, torturous life; along the way he befriends a number of fellow prisoners, most notably a wise long-term inmate named Red.",25000000.0,727327.0,28699976.0,28817291.0,161 min,Dolby Digital,Color,1.85 : 1
La condition de l'homme: La prière du soldat,8.8,xxx,5.335,Drama; History;,Frank Darabont,Stephen King,2h 22min,1995-03-1,USA,Sandy Point; St. Croix; U.S. Virgin Islands,9064,"Chronicles the experiences of a formerly successful banker as a prisoner in the gloomy jailhouse of Shawshank after being found guilty of a crime he did not commit. The film portrays the man's unique way of dealing with his new, torturous life; along the way he befriends a number of fellow prisoners, most notably a wise long-term inmate named Red.",25000000.0,727327.0,28699976.0,28817291.0,190 min,Dolby Digital,Color,1.85 : 1
Montagne II,8.7,xxx,105.952,Action; Drama;,Frank Darabont,Stephen King,2h 22min,1995-03-1,USA,Sandy Point; St. Croix; U.S. Virgin Islands,9064,"Chronicles the experiences of a formerly successful banker as a prisoner in the gloomy jailhouse of Shawshank after being found guilty of a crime he did not commit. The film portrays the man's unique way of dealing with his new, torturous life; along the way he befriends a number of fellow prisoners, most notably a wise long-term inmate named Red.",25000000.0,727327.0,28699976.0,28817291.0,135 min,Dolby Digital,Color,1.85 : 1
Monpura,8.7,xxx,6.565,Crime; Drama; M,Frank Darabont,Stephen King,2h 22min,1995-03-1,USA,Sandy Point; St. Croix; U.S. Virgin Islands,9064,"Chronicles the experiences of a formerly successful banker as a prisoner in the gloomy jailhouse of Shawshank after being found guilty of a crime he did not commit. The film portrays the man's unique way of dealing with his new, torturous life; along the way he befriends a number of fellow prisoners, most notably a wise long-term inmate named Red.",25000000.0,727327.0,28699976.0,28817291.0,136 min,Dolby Digital,Color,1.85 : 1
Neseli Günler,8.7,xxx,10.328,Comedy; Drama;,Frank Darabont,Stephen King,2h 22min,1995-03-1,USA,Sandy Point; St. Croix; U.S. Virgin Islands,9064,"Chronicles the experiences of a formerly successful banker as a prisoner in the gloomy jailhouse of Shawshank after being found guilty of a crime he did not commit. The film portrays the man's unique way of dealing with his new, torturous life; along the way he befriends a number of fellow prisoners, most notably a wise long-term inmate named Red.",25000000.0,727327.0,28699976.0,28817291.0,92 min,Dolby Digital,Color,1.85 : 1
Graves End,8.7,xxx,6.519,Thriller; Myste,Frank Darabont,Stephen King,2h 22min,1995-03-1,USA,Sandy Point; St. Croix; U.S. Virgin Islands,9064,"Chronicles the experiences of a formerly successful banker as a prisoner in the gloomy jailhouse of Shawshank after being found guilty of a crime he did not commit. The film portrays the man's unique way of dealing with his new, torturous life; along the way he befriends a number of fellow prisoners, most notably a wise long-term inmate named Red.",25000000.0,727327.0,28699976.0,28817291.0,90 min,Dolby Digital,Color,1.85 : 1
Anbe Sivam,8.7,xxx,17.683,Adventure; Come,Frank Darabont,Stephen King,2h 22min,1995-03-1,USA,Sandy Point; St. Croix; U.S. Virgin Islands,9064,"Chronicles the experiences of a formerly successful banker as a prisoner in the gloomy jailhouse of Shawshank after being found guilty of a crime he did not commit. The film portrays the man's unique way of dealing with his new, torturous life; along the way he befriends a number of fellow prisoners, most notably a wise long-term inmate named Red.",25000000.0,727327.0,28699976.0,28817291.0,160 min,Dolby Digital,Color,1.85 : 1
Canim Kardesim,8.7,xxx,8.875,Drama,Frank Darabont,Stephen King,2h 22min,1995-03-1,USA,Sandy Point; St. Croix; U.S. Virgin Islands,9064,"Chronicles the experiences of a formerly successful banker as a prisoner in the gloomy jailhouse of Shawshank after being found guilty of a crime he did not commit. The film portrays the man's unique way of dealing with his new, torturous life; along the way he befriends a number of fellow prisoners, most notably a wise long-term inmate named Red.",25000000.0,727327.0,28699976.0,28817291.0,92 min,Dolby Digital,Color,1.85 : 1
Kibar Feyzo,8.7,xxx,15.204,Comedy; Romance,Frank Darabont,Stephen King,2h 22min,1995-03-1,USA,Sandy Point; St. Croix; U.S. Virgin Islands,9064,"Chronicles the experiences of a formerly successful banker as a prisoner in the gloomy jailhouse of Shawshank after being found guilty of a crime he did not commit. The film portrays the man's unique way of dealing with his new, torturous life; along the way he befriends a number of fellow prisoners, most notably a wise long-term inmate named Red.",25000000.0,727327.0,28699976.0,28817291.0,83 min,Dolby Digital,Color,1.85 : 1
Hababam Sinifi Tatilde,8.7,xxx,16.924,Adventure; Come,Frank Darabont,Stephen King,2h 22min,1995-03-1,USA,Sandy Point; St. Croix; U.S. Virgin Islands,9064,"Chronicles the experiences of a formerly successful banker as a prisoner in the gloomy jailhouse of Shawshank after being found guilty of a crime he did not commit. The film portrays the man's unique way of dealing with his new, torturous life; along the way he befriends a number of fellow prisoners, most notably a wise long-term inmate named Red.",25000000.0,727327.0,28699976.0,28817291.0,97 min,Dolby Digital,Color,1.85 : 1
Manichitrathazhu,8.7,xxx,9.186,Comedy; Horror;,Frank Darabont,Stephen King,2h 22min,1995-03-1,USA,Sandy Point; St. Croix; U.S. Virgin Islands,9064,"Chronicles the experiences of a formerly successful banker as a prisoner in the gloomy jailhouse of Shawshank after being found guilty of a crime he did not commit. The film portrays the man's unique way of dealing with his new, torturous life; along the way he befriends a number of fellow prisoners, most notably a wise long-term inmate named Red.",25000000.0,727327.0,28699976.0,28817291.0,169 min,Dolby Digital,Color,1.85 : 1
Zügürt Aga,8.7,xxx,14.199,Comedy; Drama,Frank Darabont,Stephen King,2h 22min,1995-03-1,USA,Sandy Point; St. Croix; U.S. Virgin Islands,9064,"Chronicles the experiences of a formerly successful banker as a prisoner in the gloomy jailhouse of Shawshank after being found guilty of a crime he did not commit. The film portrays the man's unique way of dealing with his new, torturous life; along the way he befriends a number of fellow prisoners, most notably a wise long-term inmate named Red.",25000000.0,727327.0,28699976.0,28817291.0,101 min,Dolby Digital,Color,1.85 : 1
Lajanje na zvezde,8.7,xxx,6.888,Comedy; Romance,Frank Darabont,Stephen King,2h 22min,1995-03-1,USA,Sandy Point; St. Croix; U.S. Virgin Islands,9064,"Chronicles the experiences of a formerly successful banker as a prisoner in the gloomy jailhouse of Shawshank after being found guilty of a crime he did not commit. The film portrays the man's unique way of dealing with his new, torturous life; along the way he befriends a number of fellow prisoners, most notably a wise long-term inmate named Red.",25000000.0,727327.0,28699976.0,28817291.0,95 min,Dolby Digital,Color,1.85 : 1
Le Seigneur des anneaux : Les Deux Tours,8.7,87,1.511.430,Action; Adventu,Frank Darabont,Stephen King,2h 22min,1995-03-1,USA,Sandy Point; St. Croix; U.S. Virgin Islands,9064,"Chronicles the experiences of a formerly successful banker as a prisoner in the gloomy jailhouse of Shawshank after being found guilty of a crime he did not commit. The film portrays the man's unique way of dealing with his new, torturous life; along the way he befriends a number of fellow prisoners, most notably a wise long-term inmate named Red.",25000000.0,727327.0,28699976.0,28817291.0,179 min,Dolby Digital,Color,1.85 : 1
Matrix,8.7,73,1.709.116,Action; Sci-Fi,Frank Darabont,Stephen King,2h 22min,1995-03-1,USA,Sandy Point; St. Croix; U.S. Virgin Islands,9064,"Chronicles the experiences of a formerly successful banker as a prisoner in the gloomy jailhouse of Shawshank after being found guilty of a crime he did not commit. The film portrays the man's unique way of dealing with his new, torturous life; along the way he befriends a number of fellow prisoners, most notably a wise long-term inmate named Red.",25000000.0,727327.0,28699976.0,28817291.0,136 min,Dolby Digital,Color,1.85 : 1
"Joli village, jolie flamme",8.7,xxx,15.044,Comedy; Drama;,Frank Darabont,Stephen King,2h 22min,1995-03-1,USA,Sandy Point; St. Croix; U.S. Virgin Islands,9064,"Chronicles the experiences of a formerly successful banker as a prisoner in the gloomy jailhouse of Shawshank after being found guilty of a crime he did not commit. The film portrays the man's unique way of dealing with his new, torturous life; along the way he befriends a number of fellow prisoners, most notably a wise long-term inmate named Red.",25000000.0,727327.0,28699976.0,28817291.0,115 min,Dolby Digital,Color,1.85 : 1
Thevar Magan,8.7,xxx,5.835,Drama,Frank Darabont,Stephen King,2h 22min,1995-03-1,USA,Sandy Point; St. Croix; U.S. Virgin Islands,9064,"Chronicles the experiences of a formerly successful banker as a prisoner in the gloomy jailhouse of Shawshank after being found guilty of a crime he did not commit. The film portrays the man's unique way of dealing with his new, torturous life; along the way he befriends a number of fellow prisoners, most notably a wise long-term inmate named Red.",25000000.0,727327.0,28699976.0,28817291.0,145 min,Dolby Digital,Color,1.85 : 1
Les affranchis,8.7,90,1.041.821,Biography; Crim,Frank Darabont,Stephen King,2h 22min,1995-03-1,USA,Sandy Point; St. Croix; U.S. Virgin Islands,9064,"Chronicles the experiences of a formerly successful banker as a prisoner in the gloomy jailhouse of Shawshank after being found guilty of a crime he did not commit. The film portrays the man's unique way of dealing with his new, torturous life; along the way he befriends a number of fellow prisoners, most notably a wise long-term inmate named Red.",25000000.0,727327.0,28699976.0,28817291.0,146 min,Dolby Digital,Color,1.85 : 1
Nayakan,8.7,xxx,17.062,Crime; Drama,Frank Darabont,Stephen King,2h 22min,1995-03-1,USA,Sandy Point; St. Croix; U.S. Virgin Islands,9064,"Chronicles the experiences of a formerly successful banker as a prisoner in the gloomy jailhouse of Shawshank after being found guilty of a crime he did not commit. The film portrays the man's unique way of dealing with his new, torturous life; along the way he befriends a number of fellow prisoners, most notably a wise long-term inmate named Red.",25000000.0,727327.0,28699976.0,28817291.0,145 min,Dolby Digital,Color,1.85 : 1
L'Empire contre-attaque,8.7,82,1.178.105,Action; Adventu,Frank Darabont,Stephen King,2h 22min,1995-03-1,USA,Sandy Point; St. Croix; U.S. Virgin Islands,9064,"Chronicles the experiences of a formerly successful banker as a prisoner in the gloomy jailhouse of Shawshank after being found guilty of a crime he did not commit. The film portrays the man's unique way of dealing with his new, torturous life; along the way he befriends a number of fellow prisoners, most notably a wise long-term inmate named Red.",25000000.0,727327.0,28699976.0,28817291.0,124 min,Dolby Digital,Color,1.85 : 1
Vol au-dessus d'un nid de coucou,8.7,84,932.770,Drama,Frank Darabont,Stephen King,2h 22min,1995-03-1,USA,Sandy Point; St. Croix; U.S. Virgin Islands,9064,"Chronicles the experiences of a formerly successful banker as a prisoner in the gloomy jailhouse of Shawshank after being found guilty of a crime he did not commit. The film portrays the man's unique way of dealing with his new, torturous life; along the way he befriends a number of fellow prisoners, most notably a wise long-term inmate named Red.",25000000.0,727327.0,28699976.0,28817291.0,133 min,Dolby Digital,Color,1.85 : 1
Le Témoin,8.7,xxx,6.366,Drama; Comedy,Frank Darabont,Stephen King,2h 22min,1995-03-1,USA,Sandy Point; St. Croix; U.S. Virgin Islands,9064,"Chronicles the experiences of a formerly successful banker as a prisoner in the gloomy jailhouse of Shawshank after being found guilty of a crime he did not commit. The film portrays the man's unique way of dealing with his new, torturous life; along the way he befriends a number of fellow prisoners, most notably a wise long-term inmate named Red.",25000000.0,727327.0,28699976.0,28817291.0,105 min,Dolby Digital,Color,1.85 : 1
Jersey,8.6,xxx,9.803,Drama; Sport,Frank Darabont,Stephen King,2h 22min,1995-03-1,USA,Sandy Point; St. Croix; U.S. Virgin Islands,9064,"Chronicles the experiences of a formerly successful banker as a prisoner in the gloomy jailhouse of Shawshank after being found guilty of a crime he did not commit. The film portrays the man's unique way of dealing with his new, torturous life; along the way he befriends a number of fellow prisoners, most notably a wise long-term inmate named Red.",25000000.0,727327.0,28699976.0,28817291.0,157 min,Dolby Digital,Color,1.85 : 1
Kumbalangi Nights,8.6,xxx,10.270,Comedy; Drama;,Frank Darabont,Stephen King,2h 22min,1995-03-1,USA,Sandy Point; St. Croix; U.S. Virgin Islands,9064,"Chronicles the experiences of a formerly successful banker as a prisoner in the gloomy jailhouse of Shawshank after being found guilty of a crime he did not commit. The film portrays the man's unique way of dealing with his new, torturous life; along the way he befriends a number of fellow prisoners, most notably a wise long-term inmate named Red.",25000000.0,727327.0,28699976.0,28817291.0,135 min,Dolby Digital,Color,1.85 : 1
96,8.6,xxx,21.259,Drama; Romance,Frank Darabont,Stephen King,2h 22min,1995-03-1,USA,Sandy Point; St. Croix; U.S. Virgin Islands,9064,"Chronicles the experiences of a formerly successful banker as a prisoner in the gloomy jailhouse of Shawshank after being found guilty of a crime he did not commit. The film portrays the man's unique way of dealing with his new, torturous life; along the way he befriends a number of fellow prisoners, most notably a wise long-term inmate named Red.",25000000.0,727327.0,28699976.0,28817291.0,158 min,Dolby Digital,Color,1.85 : 1
Parasite,8.6,96,606.362,Comedy; Drama;,Frank Darabont,Stephen King,2h 22min,1995-03-1,USA,Sandy Point; St. Croix; U.S. Virgin Islands,9064,"Chronicles the experiences of a formerly successful banker as a prisoner in the gloomy jailhouse of Shawshank after being found guilty of a crime he did not commit. The film portrays the man's unique way of dealing with his new, torturous life; along the way he befriends a number of fellow prisoners, most notably a wise long-term inmate named Red.",25000000.0,727327.0,28699976.0,28817291.0,132 min,Dolby Digital,Color,1.85 : 1
Interstellar,8.6,74,1.556.651,Adventure; Dram,Frank Darabont,Stephen King,2h 22min,1995-03-1,USA,Sandy Point; St. Croix; U.S. Virgin Islands,9064,"Chronicles the experiences of a formerly successful banker as a prisoner in the gloomy jailhouse of Shawshank after being found guilty of a crime he did not commit. The film portrays the man's unique way of dealing with his new, torturous life; along the way he befriends a number of fellow prisoners, most notably a wise long-term inmate named Red.",25000000.0,727327.0,28699976.0,28817291.0,169 min,Dolby Digital,Color,1.85 : 1
La Cité de Dieu,8.6,79,708.935,Crime; Drama,Frank Darabont,Stephen King,2h 22min,1995-03-1,USA,Sandy Point; St. Croix; U.S. Virgin Islands,9064,"Chronicles the experiences of a formerly successful banker as a prisoner in the gloomy jailhouse of Shawshank after being found guilty of a crime he did not commit. The film portrays the man's unique way of dealing with his new, torturous life; along the way he befriends a number of fellow prisoners, most notably a wise long-term inmate named Red.",25000000.0,727327.0,28699976.0,28817291.0,130 min,Dolby Digital,Color,1.85 : 1
Spadikam,8.6,xxx,5.000,Action; Drama,Frank Darabont,Stephen King,2h 22min,1995-03-1,USA,Sandy Point; St. Croix; U.S. Virgin Islands,9064,"Chronicles the experiences of a formerly successful banker as a prisoner in the gloomy jailhouse of Shawshank after being found guilty of a crime he did not commit. The film portrays the man's unique way of dealing with his new, torturous life; along the way he befriends a number of fellow prisoners, most notably a wise long-term inmate named Red.",25000000.0,727327.0,28699976.0,28817291.0,150 min,Dolby Digital,Color,1.85 : 1
O Auto da Compadecida,8.6,xxx,12.432,Comedy; Drama;,Frank Darabont,Stephen King,2h 22min,1995-03-1,USA,Sandy Point; St. Croix; U.S. Virgin Islands,9064,"Chronicles the experiences of a formerly successful banker as a prisoner in the gloomy jailhouse of Shawshank after being found guilty of a crime he did not commit. The film portrays the man's unique way of dealing with his new, torturous life; along the way he befriends a number of fellow prisoners, most notably a wise long-term inmate named Red.",25000000.0,727327.0,28699976.0,28817291.0,104 min,Dolby Digital,Color,1.85 : 1
Selvi Boylum Al Yazmalim,8.6,xxx,15.043,Drama; Romance,Frank Darabont,Stephen King,2h 22min,1995-03-1,USA,Sandy Point; St. Croix; U.S. Virgin Islands,9064,"Chronicles the experiences of a formerly successful banker as a prisoner in the gloomy jailhouse of Shawshank after being found guilty of a crime he did not commit. The film portrays the man's unique way of dealing with his new, torturous life; along the way he befriends a number of fellow prisoners, most notably a wise long-term inmate named Red.",25000000.0,727327.0,28699976.0,28817291.0,90 min,Dolby Digital,Color,1.85 : 1
Çöpçüler Krali,8.6,xxx,18.927,Comedy; Romance,Frank Darabont,Stephen King,2h 22min,1995-03-1,USA,Sandy Point; St. Croix; U.S. Virgin Islands,9064,"Chronicles the experiences of a formerly successful banker as a prisoner in the gloomy jailhouse of Shawshank after being found guilty of a crime he did not commit. The film portrays the man's unique way of dealing with his new, torturous life; along the way he befriends a number of fellow prisoners, most notably a wise long-term inmate named Red.",25000000.0,727327.0,28699976.0,28817291.0,80 min,Dolby Digital,Color,1.85 : 1
Zübük,8.6,xxx,9.353,Comedy; Crime,Frank Darabont,Stephen King,2h 22min,1995-03-1,USA,Sandy Point; St. Croix; U.S. Virgin Islands,9064,"Chronicles the experiences of a formerly successful banker as a prisoner in the gloomy jailhouse of Shawshank after being found guilty of a crime he did not commit. The film portrays the man's unique way of dealing with his new, torturous life; along the way he befriends a number of fellow prisoners, most notably a wise long-term inmate named Red.",25000000.0,727327.0,28699976.0,28817291.0,88 min,Dolby Digital,Color,1.85 : 1
Le voyage de Chihiro,8.6,96,669.903,Animation; Adve,Frank Darabont,Stephen King,2h 22min,1995-03-1,USA,Sandy Point; St. Croix; U.S. Virgin Islands,9064,"Chronicles the experiences of a formerly successful banker as a prisoner in the gloomy jailhouse of Shawshank after being found guilty of a crime he did not commit. The film portrays the man's unique way of dealing with his new, torturous life; along the way he befriends a number of fellow prisoners, most notably a wise long-term inmate named Red.",25000000.0,727327.0,28699976.0,28817291.0,125 min,Dolby Digital,Color,1.85 : 1
Il faut sauver le soldat Ryan,8.6,91,1.261.449,Drama; War,Frank Darabont,Stephen King,2h 22min,1995-03-1,USA,Sandy Point; St. Croix; U.S. Virgin Islands,9064,"Chronicles the experiences of a formerly successful banker as a prisoner in the gloomy jailhouse of Shawshank after being found guilty of a crime he did not commit. The film portrays the man's unique way of dealing with his new, torturous life; along the way he befriends a number of fellow prisoners, most notably a wise long-term inmate named Red.",25000000.0,727327.0,28699976.0,28817291.0,169 min,Dolby Digital,Color,1.85 : 1
La ligne verte,8.6,61,1.172.572,Crime; Drama; F,Frank Darabont,Stephen King,2h 22min,1995-03-1,USA,Sandy Point; St. Croix; U.S. Virgin Islands,9064,"Chronicles the experiences of a formerly successful banker as a prisoner in the gloomy jailhouse of Shawshank after being found guilty of a crime he did not commit. The film portrays the man's unique way of dealing with his new, torturous life; along the way he befriends a number of fellow prisoners, most notably a wise long-term inmate named Red.",25000000.0,727327.0,28699976.0,28817291.0,189 min,Dolby Digital,Color,1.85 : 1
La vie est belle,8.6,59,636.298,Comedy; Drama;,Frank Darabont,Stephen King,2h 22min,1995-03-1,USA,Sandy Point; St. Croix; U.S. Virgin Islands,9064,"Chronicles the experiences of a formerly successful banker as a prisoner in the gloomy jailhouse of Shawshank after being found guilty of a crime he did not commit. The film portrays the man's unique way of dealing with his new, torturous life; along the way he befriends a number of fellow prisoners, most notably a wise long-term inmate named Red.",25000000.0,727327.0,28699976.0,28817291.0,116 min,Dolby Digital,Color,1.85 : 1
Seven,8.6,65,1.475.874,Crime; Drama; M,Frank Darabont,Stephen King,2h 22min,1995-03-1,USA,Sandy Point; St. Croix; U.S. Virgin Islands,9064,"Chronicles the experiences of a formerly successful banker as a prisoner in the gloomy jailhouse of Shawshank after being found guilty of a crime he did not commit. The film portrays the man's unique way of dealing with his new, torturous life; along the way he befriends a number of fellow prisoners, most notably a wise long-term inmate named Red.",25000000.0,727327.0,28699976.0,28817291.0,127 min,Dolby Digital,Color,1.85 : 1
Le Silence des agneaux,8.6,85,1.297.442,Crime; Drama; T,Frank Darabont,Stephen King,2h 22min,1995-03-1,USA,Sandy Point; St. Croix; U.S. Virgin Islands,9064,"Chronicles the experiences of a formerly successful banker as a prisoner in the gloomy jailhouse of Shawshank after being found guilty of a crime he did not commit. The film portrays the man's unique way of dealing with his new, torturous life; along the way he befriends a number of fellow prisoners, most notably a wise long-term inmate named Red.",25000000.0,727327.0,28699976.0,28817291.0,118 min,Dolby Digital,Color,1.85 : 1
La guerre des étoiles,8.6,90,1.250.183,Action; Adventu,Frank Darabont,Stephen King,2h 22min,1995-03-1,USA,Sandy Point; St. Croix; U.S. Virgin Islands,9064,"Chronicles the experiences of a formerly successful banker as a prisoner in the gloomy jailhouse of Shawshank after being found guilty of a crime he did not commit. The film portrays the man's unique way of dealing with his new, torturous life; along the way he befriends a number of fellow prisoners, most notably a wise long-term inmate named Red.",25000000.0,727327.0,28699976.0,28817291.0,121 min,Dolby Digital,Color,1.85 : 1
Operatsiya 'Y' i drugie priklyucheniya Shurika,8.6,xxx,12.312,Comedy; Crime;,Frank Darabont,Stephen King,2h 22min,1995-03-1,USA,Sandy Point; St. Croix; U.S. Virgin Islands,9064,"Chronicles the experiences of a formerly successful banker as a prisoner in the gloomy jailhouse of Shawshank after being found guilty of a crime he did not commit. The film portrays the man's unique way of dealing with his new, torturous life; along the way he befriends a number of fellow prisoners, most notably a wise long-term inmate named Red.",25000000.0,727327.0,28699976.0,28817291.0,91 min,Dolby Digital,Color,1.85 : 1
Harakiri,8.6,85,44.868,Action; Drama;,Frank Darabont,Stephen King,2h 22min,1995-03-1,USA,Sandy Point; St. Croix; U.S. Virgin Islands,9064,"Chronicles the experiences of a formerly successful banker as a prisoner in the gloomy jailhouse of Shawshank after being found guilty of a crime he did not commit. The film portrays the man's unique way of dealing with his new, torturous life; along the way he befriends a number of fellow prisoners, most notably a wise long-term inmate named Red.",25000000.0,727327.0,28699976.0,28817291.0,133 min,Dolby Digital,Color,1.85 : 1
La complainte du sentier,8.6,xxx,24.660,Drama,Frank Darabont,Stephen King,2h 22min,1995-03-1,USA,Sandy Point; St. Croix; U.S. Virgin Islands,9064,"Chronicles the experiences of a formerly successful banker as a prisoner in the gloomy jailhouse of Shawshank after being found guilty of a crime he did not commit. The film portrays the man's unique way of dealing with his new, torturous life; along the way he befriends a number of fellow prisoners, most notably a wise long-term inmate named Red.",25000000.0,727327.0,28699976.0,28817291.0,125 min,Dolby Digital,Color,1.85 : 1
Les 7 Samouraïs,8.6,98,321.103,Action; Adventu,Frank Darabont,Stephen King,2h 22min,1995-03-1,USA,Sandy Point; St. Croix; U.S. Virgin Islands,9064,"Chronicles the experiences of a formerly successful banker as a prisoner in the gloomy jailhouse of Shawshank after being found guilty of a crime he did not commit. The film portrays the man's unique way of dealing with his new, torturous life; along the way he befriends a number of fellow prisoners, most notably a wise long-term inmate named Red.",25000000.0,727327.0,28699976.0,28817291.0,207 min,Dolby Digital,Color,1.85 : 1
La vie est belle,8.6,89,412.205,Drama; Family;,Frank Darabont,Stephen King,2h 22min,1995-03-1,USA,Sandy Point; St. Croix; U.S. Virgin Islands,9064,"Chronicles the experiences of a formerly successful banker as a prisoner in the gloomy jailhouse of Shawshank after being found guilty of a crime he did not commit. The film portrays the man's unique way of dealing with his new, torturous life; along the way he befriends a number of fellow prisoners, most notably a wise long-term inmate named Red.",25000000.0,727327.0,28699976.0,28817291.0,130 min,Dolby Digital,Color,1.85 : 1
Kaithi,8.5,xxx,14.365,Action; Thrille,Frank Darabont,Stephen King,2h 22min,1995-03-1,USA,Sandy Point; St. Croix; U.S. Virgin Islands,9064,"Chronicles the experiences of a formerly successful banker as a prisoner in the gloomy jailhouse of Shawshank after being found guilty of a crime he did not commit. The film portrays the man's unique way of dealing with his new, torturous life; along the way he befriends a number of fellow prisoners, most notably a wise long-term inmate named Red.",25000000.0,727327.0,28699976.0,28817291.0,145 min,Dolby Digital,Color,1.85 : 1
Asuran,8.5,xxx,14.955,Action; Drama,Frank Darabont,Stephen King,2h 22min,1995-03-1,USA,Sandy Point; St. Croix; U.S. Virgin Islands,9064,"Chronicles the experiences of a formerly successful banker as a prisoner in the gloomy jailhouse of Shawshank after being found guilty of a crime he did not commit. The film portrays the man's unique way of dealing with his new, torturous life; along the way he befriends a number of fellow prisoners, most notably a wise long-term inmate named Red.",25000000.0,727327.0,28699976.0,28817291.0,141 min,Dolby Digital,Color,1.85 : 1
Hamilton,8.5,90,64.206,Biography; Dram,Frank Darabont,Stephen King,2h 22min,1995-03-1,USA,Sandy Point; St. Croix; U.S. Virgin Islands,9064,"Chronicles the experiences of a formerly successful banker as a prisoner in the gloomy jailhouse of Shawshank after being found guilty of a crime he did not commit. The film portrays the man's unique way of dealing with his new, torturous life; along the way he befriends a number of fellow prisoners, most notably a wise long-term inmate named Red.",25000000.0,727327.0,28699976.0,28817291.0,160 min,Dolby Digital,Color,1.85 : 1
Mahanati,8.5,xxx,10.278,Biography; Dram,Frank Darabont,Stephen King,2h 22min,1995-03-1,USA,Sandy Point; St. Croix; U.S. Virgin Islands,9064,"Chronicles the experiences of a formerly successful banker as a prisoner in the gloomy jailhouse of Shawshank after being found guilty of a crime he did not commit. The film portrays the man's unique way of dealing with his new, torturous life; along the way he befriends a number of fellow prisoners, most notably a wise long-term inmate named Red.",25000000.0,727327.0,28699976.0,28817291.0,177 min,Dolby Digital,Color,1.85 : 1
Ratsasan,8.5,xxx,28.971,Action; Crime;,Frank Darabont,Stephen King,2h 22min,1995-03-1,USA,Sandy Point; St. Croix; U.S. Virgin Islands,9064,"Chronicles the experiences of a formerly successful banker as a prisoner in the gloomy jailhouse of Shawshank after being found guilty of a crime he did not commit. The film portrays the man's unique way of dealing with his new, torturous life; along the way he befriends a number of fellow prisoners, most notably a wise long-term inmate named Red.",25000000.0,727327.0,28699976.0,28817291.0,170 min,Dolby Digital,Color,1.85 : 1
Vada Chennai,8.5,xxx,12.368,Action; Crime;,Frank Darabont,Stephen King,2h 22min,1995-03-1,USA,Sandy Point; St. Croix; U.S. Virgin Islands,9064,"Chronicles the experiences of a formerly successful banker as a prisoner in the gloomy jailhouse of Shawshank after being found guilty of a crime he did not commit. The film portrays the man's unique way of dealing with his new, torturous life; along the way he befriends a number of fellow prisoners, most notably a wise long-term inmate named Red.",25000000.0,727327.0,28699976.0,28817291.0,164 min,Dolby Digital,Color,1.85 : 1
Aruvi,8.5,xxx,11.491,Drama,Frank Darabont,Stephen King,2h 22min,1995-03-1,USA,Sandy Point; St. Croix; U.S. Virgin Islands,9064,"Chronicles the experiences of a formerly successful banker as a prisoner in the gloomy jailhouse of Shawshank after being found guilty of a crime he did not commit. The film portrays the man's unique way of dealing with his new, torturous life; along the way he befriends a number of fellow prisoners, most notably a wise long-term inmate named Red.",25000000.0,727327.0,28699976.0,28817291.0,130 min,Dolby Digital,Color,1.85 : 1
Visaaranai,8.5,xxx,8.405,Crime; Drama; T,Frank Darabont,Stephen King,2h 22min,1995-03-1,USA,Sandy Point; St. Croix; U.S. Virgin Islands,9064,"Chronicles the experiences of a formerly successful banker as a prisoner in the gloomy jailhouse of Shawshank after being found guilty of a crime he did not commit. The film portrays the man's unique way of dealing with his new, torturous life; along the way he befriends a number of fellow prisoners, most notably a wise long-term inmate named Red.",25000000.0,727327.0,28699976.0,28817291.0,117 min,Dolby Digital,Color,1.85 : 1
Whiplash,8.5,88,737.855,Drama; Music,Frank Darabont,Stephen King,2h 22min,1995-03-1,USA,Sandy Point; St. Croix; U.S. Virgin Islands,9064,"Chronicles the experiences of a formerly successful banker as a prisoner in the gloomy jailhouse of Shawshank after being found guilty of a crime he did not commit. The film portrays the man's unique way of dealing with his new, torturous life; along the way he befriends a number of fellow prisoners, most notably a wise long-term inmate named Red.",25000000.0,727327.0,28699976.0,28817291.0,106 min,Dolby Digital,Color,1.85 : 1
Wheels,8.5,xxx,17.921,Drama,Frank Darabont,Stephen King,2h 22min,1995-03-1,USA,Sandy Point; St. Croix; U.S. Virgin Islands,9064,"Chronicles the experiences of a formerly successful banker as a prisoner in the gloomy jailhouse of Shawshank after being found guilty of a crime he did not commit. The film portrays the man's unique way of dealing with his new, torturous life; along the way he befriends a number of fellow prisoners, most notably a wise long-term inmate named Red.",25000000.0,727327.0,28699976.0,28817291.0,115 min,Dolby Digital,Color,1.85 : 1
Intouchables,8.5,57,777.776,Biography; Come,Frank Darabont,Stephen King,2h 22min,1995-03-1,USA,Sandy Point; St. Croix; U.S. Virgin Islands,9064,"Chronicles the experiences of a formerly successful banker as a prisoner in the gloomy jailhouse of Shawshank after being found guilty of a crime he did not commit. The film portrays the man's unique way of dealing with his new, torturous life; along the way he befriends a number of fellow prisoners, most notably a wise long-term inmate named Red.",25000000.0,727327.0,28699976.0,28817291.0,112 min,Dolby Digital,Color,1.85 : 1
Karnan,8.5,xxx,10.218,Action; Drama,Frank Darabont,Stephen King,2h 22min,1995-03-1,USA,Sandy Point; St. Croix; U.S. Virgin Islands,9064,"Chronicles the experiences of a formerly successful banker as a prisoner in the gloomy jailhouse of Shawshank after being found guilty of a crime he did not commit. The film portrays the man's unique way of dealing with his new, torturous life; along the way he befriends a number of fellow prisoners, most notably a wise long-term inmate named Red.",25000000.0,727327.0,28699976.0,28817291.0,158 min,Dolby Digital,Color,1.85 : 1
Demon Slayer: Le train de l'infini,8.5,75,17.259,Animation; Acti,Frank Darabont,Stephen King,2h 22min,1995-03-1,USA,Sandy Point; St. Croix; U.S. Virgin Islands,9064,"Chronicles the experiences of a formerly successful banker as a prisoner in the gloomy jailhouse of Shawshank after being found guilty of a crime he did not commit. The film portrays the man's unique way of dealing with his new, torturous life; along the way he befriends a number of fellow prisoners, most notably a wise long-term inmate named Red.",25000000.0,727327.0,28699976.0,28817291.0,117 min,Dolby Digital,Color,1.85 : 1
Le Prestige,8.5,66,1.214.622,Drama; Mystery;,Frank Darabont,Stephen King,2h 22min,1995-03-1,USA,Sandy Point; St. Croix; U.S. Virgin Islands,9064,"Chronicles the experiences of a formerly successful banker as a prisoner in the gloomy jailhouse of Shawshank after being found guilty of a crime he did not commit. The film portrays the man's unique way of dealing with his new, torturous life; along the way he befriends a number of fellow prisoners, most notably a wise long-term inmate named Red.",25000000.0,727327.0,28699976.0,28817291.0,130 min,Dolby Digital,Color,1.85 : 1
Pudhu Pettai,8.5,xxx,5.134,Action; Crime;,Frank Darabont,Stephen King,2h 22min,1995-03-1,USA,Sandy Point; St. Croix; U.S. Virgin Islands,9064,"Chronicles the experiences of a formerly successful banker as a prisoner in the gloomy jailhouse of Shawshank after being found guilty of a crime he did not commit. The film portrays the man's unique way of dealing with his new, torturous life; along the way he befriends a number of fellow prisoners, most notably a wise long-term inmate named Red.",25000000.0,727327.0,28699976.0,28817291.0,168 min,Dolby Digital,Color,1.85 : 1
Marmoulak,8.5,xxx,15.508,Comedy; Drama,Frank Darabont,Stephen King,2h 22min,1995-03-1,USA,Sandy Point; St. Croix; U.S. Virgin Islands,9064,"Chronicles the experiences of a formerly successful banker as a prisoner in the gloomy jailhouse of Shawshank after being found guilty of a crime he did not commit. The film portrays the man's unique way of dealing with his new, torturous life; along the way he befriends a number of fellow prisoners, most notably a wise long-term inmate named Red.",25000000.0,727327.0,28699976.0,28817291.0,115 min,Dolby Digital,Color,1.85 : 1
Les infiltrés,8.5,85,1.212.083,Crime; Drama; T,Frank Darabont,Stephen King,2h 22min,1995-03-1,USA,Sandy Point; St. Croix; U.S. Virgin Islands,9064,"Chronicles the experiences of a formerly successful banker as a prisoner in the gloomy jailhouse of Shawshank after being found guilty of a crime he did not commit. The film portrays the man's unique way of dealing with his new, torturous life; along the way he befriends a number of fellow prisoners, most notably a wise long-term inmate named Red.",25000000.0,727327.0,28699976.0,28817291.0,151 min,Dolby Digital,Color,1.85 : 1
Black Friday,8.5,76,19.267,Action; Crime;,Frank Darabont,Stephen King,2h 22min,1995-03-1,USA,Sandy Point; St. Croix; U.S. Virgin Islands,9064,"Chronicles the experiences of a formerly successful banker as a prisoner in the gloomy jailhouse of Shawshank after being found guilty of a crime he did not commit. The film portrays the man's unique way of dealing with his new, torturous life; along the way he befriends a number of fellow prisoners, most notably a wise long-term inmate named Red.",25000000.0,727327.0,28699976.0,28817291.0,143 min,Dolby Digital,Color,1.85 : 1
Nos meilleures années,8.5,89,20.905,Drama; Romance,Frank Darabont,Stephen King,2h 22min,1995-03-1,USA,Sandy Point; St. Croix; U.S. Virgin Islands,9064,"Chronicles the experiences of a formerly successful banker as a prisoner in the gloomy jailhouse of Shawshank after being found guilty of a crime he did not commit. The film portrays the man's unique way of dealing with his new, torturous life; along the way he befriends a number of fellow prisoners, most notably a wise long-term inmate named Red.",25000000.0,727327.0,28699976.0,28817291.0,366 min,Dolby Digital,Color,1.85 : 1
Profesionalac,8.5,xxx,6.231,Comedy; Drama,Frank Darabont,Stephen King,2h 22min,1995-03-1,USA,Sandy Point; St. Croix; U.S. Virgin Islands,9064,"Chronicles the experiences of a formerly successful banker as a prisoner in the gloomy jailhouse of Shawshank after being found guilty of a crime he did not commit. The film portrays the man's unique way of dealing with his new, torturous life; along the way he befriends a number of fellow prisoners, most notably a wise long-term inmate named Red.",25000000.0,727327.0,28699976.0,28817291.0,104 min,Dolby Digital,Color,1.85 : 1
Philanthropique,8.5,xxx,12.581,Comedy; Drama,Frank Darabont,Stephen King,2h 22min,1995-03-1,USA,Sandy Point; St. Croix; U.S. Virgin Islands,9064,"Chronicles the experiences of a formerly successful banker as a prisoner in the gloomy jailhouse of Shawshank after being found guilty of a crime he did not commit. The film portrays the man's unique way of dealing with his new, torturous life; along the way he befriends a number of fellow prisoners, most notably a wise long-term inmate named Red.",25000000.0,727327.0,28699976.0,28817291.0,113 min,Dolby Digital,Color,1.85 : 1
Gülen Gözler,8.5,xxx,6.627,Comedy; Drama;,Frank Darabont,Stephen King,2h 22min,1995-03-1,USA,Sandy Point; St. Croix; U.S. Virgin Islands,9064,"Chronicles the experiences of a formerly successful banker as a prisoner in the gloomy jailhouse of Shawshank after being found guilty of a crime he did not commit. The film portrays the man's unique way of dealing with his new, torturous life; along the way he befriends a number of fellow prisoners, most notably a wise long-term inmate named Red.",25000000.0,727327.0,28699976.0,28817291.0,97 min,Dolby Digital,Color,1.85 : 1
Le pianiste,8.5,85,747.994,Biography; Dram,Frank Darabont,Stephen King,2h 22min,1995-03-1,USA,Sandy Point; St. Croix; U.S. Virgin Islands,9064,"Chronicles the experiences of a formerly successful banker as a prisoner in the gloomy jailhouse of Shawshank after being found guilty of a crime he did not commit. The film portrays the man's unique way of dealing with his new, torturous life; along the way he befriends a number of fellow prisoners, most notably a wise long-term inmate named Red.",25000000.0,727327.0,28699976.0,28817291.0,150 min,Dolby Digital,Color,1.85 : 1
Muhsin Bey,8.5,xxx,10.220,Comedy; Drama;,Frank Darabont,Stephen King,2h 22min,1995-03-1,USA,Sandy Point; St. Croix; U.S. Virgin Islands,9064,"Chronicles the experiences of a formerly successful banker as a prisoner in the gloomy jailhouse of Shawshank after being found guilty of a crime he did not commit. The film portrays the man's unique way of dealing with his new, torturous life; along the way he befriends a number of fellow prisoners, most notably a wise long-term inmate named Red.",25000000.0,727327.0,28699976.0,28817291.0,119 min,Dolby Digital,Color,1.85 : 1
Gladiator,8.5,67,1.365.123,Action; Adventu,Frank Darabont,Stephen King,2h 22min,1995-03-1,USA,Sandy Point; St. Croix; U.S. Virgin Islands,9064,"Chronicles the experiences of a formerly successful banker as a prisoner in the gloomy jailhouse of Shawshank after being found guilty of a crime he did not commit. The film portrays the man's unique way of dealing with his new, torturous life; along the way he befriends a number of fellow prisoners, most notably a wise long-term inmate named Red.",25000000.0,727327.0,28699976.0,28817291.0,155 min,Dolby Digital,Color,1.85 : 1
American History X,8.5,62,1.048.805,Drama,Frank Darabont,Stephen King,2h 22min,1995-03-1,USA,Sandy Point; St. Croix; U.S. Virgin Islands,9064,"Chronicles the experiences of a formerly successful banker as a prisoner in the gloomy jailhouse of Shawshank after being found guilty of a crime he did not commit. The film portrays the man's unique way of dealing with his new, torturous life; along the way he befriends a number of fellow prisoners, most notably a wise long-term inmate named Red.",25000000.0,727327.0,28699976.0,28817291.0,119 min,Dolby Digital,Color,1.85 : 1
Iruvar,8.5,xxx,5.198,Biography; Dram,Frank Darabont,Stephen King,2h 22min,1995-03-1,USA,Sandy Point; St. Croix; U.S. Virgin Islands,9064,"Chronicles the experiences of a formerly successful banker as a prisoner in the gloomy jailhouse of Shawshank after being found guilty of a crime he did not commit. The film portrays the man's unique way of dealing with his new, torturous life; along the way he befriends a number of fellow prisoners, most notably a wise long-term inmate named Red.",25000000.0,727327.0,28699976.0,28817291.0,140 min,Dolby Digital,Color,1.85 : 1
Usual Suspects,8.5,77,1.006.925,Crime; Mystery;,Frank Darabont,Stephen King,2h 22min,1995-03-1,USA,Sandy Point; St. Croix; U.S. Virgin Islands,9064,"Chronicles the experiences of a formerly successful banker as a prisoner in the gloomy jailhouse of Shawshank after being found guilty of a crime he did not commit. The film portrays the man's unique way of dealing with his new, torturous life; along the way he befriends a number of fellow prisoners, most notably a wise long-term inmate named Red.",25000000.0,727327.0,28699976.0,28817291.0,106 min,Dolby Digital,Color,1.85 : 1
Léon,8.5,64,1.055.447,Action; Crime;,Frank Darabont,Stephen King,2h 22min,1995-03-1,USA,Sandy Point; St. Croix; U.S. Virgin Islands,9064,"Chronicles the experiences of a formerly successful banker as a prisoner in the gloomy jailhouse of Shawshank after being found guilty of a crime he did not commit. The film portrays the man's unique way of dealing with his new, torturous life; along the way he befriends a number of fellow prisoners, most notably a wise long-term inmate named Red.",25000000.0,727327.0,28699976.0,28817291.0,110 min,Dolby Digital,Color,1.85 : 1
The Lion King,8.5,88,960.641,Animation; Adve,Frank Darabont,Stephen King,2h 22min,1995-03-1,USA,Sandy Point; St. Croix; U.S. Virgin Islands,9064,"Chronicles the experiences of a formerly successful banker as a prisoner in the gloomy jailhouse of Shawshank after being found guilty of a crime he did not commit. The film portrays the man's unique way of dealing with his new, torturous life; along the way he befriends a number of fellow prisoners, most notably a wise long-term inmate named Red.",25000000.0,727327.0,28699976.0,28817291.0,88 min,Dolby Digital,Color,1.85 : 1
Terminator 2 : Le Jugement dernier,8.5,75,1.010.101,Action; Sci-Fi,Frank Darabont,Stephen King,2h 22min,1995-03-1,USA,Sandy Point; St. Croix; U.S. Virgin Islands,9064,"Chronicles the experiences of a formerly successful banker as a prisoner in the gloomy jailhouse of Shawshank after being found guilty of a crime he did not commit. The film portrays the man's unique way of dealing with his new, torturous life; along the way he befriends a number of fellow prisoners, most notably a wise long-term inmate named Red.",25000000.0,727327.0,28699976.0,28817291.0,137 min,Dolby Digital,Color,1.85 : 1
Thalapathi,8.5,xxx,10.577,Action; Crime;,Frank Darabont,Stephen King,2h 22min,1995-03-1,USA,Sandy Point; St. Croix; U.S. Virgin Islands,9064,"Chronicles the experiences of a formerly successful banker as a prisoner in the gloomy jailhouse of Shawshank after being found guilty of a crime he did not commit. The film portrays the man's unique way of dealing with his new, torturous life; along the way he befriends a number of fellow prisoners, most notably a wise long-term inmate named Red.",25000000.0,727327.0,28699976.0,28817291.0,157 min,Dolby Digital,Color,1.85 : 1
Cinéma Paradiso,8.5,80,236.209,Drama; Romance,Frank Darabont,Stephen King,2h 22min,1995-03-1,USA,Sandy Point; St. Croix; U.S. Virgin Islands,9064,"Chronicles the experiences of a formerly successful banker as a prisoner in the gloomy jailhouse of Shawshank after being found guilty of a crime he did not commit. The film portrays the man's unique way of dealing with his new, torturous life; along the way he befriends a number of fellow prisoners, most notably a wise long-term inmate named Red.",25000000.0,727327.0,28699976.0,28817291.0,155 min,Dolby Digital,Color,1.85 : 1
Le tombeau des lucioles,8.5,94,242.699,Animation; Dram,Frank Darabont,Stephen King,2h 22min,1995-03-1,USA,Sandy Point; St. Croix; U.S. Virgin Islands,9064,"Chronicles the experiences of a formerly successful banker as a prisoner in the gloomy jailhouse of Shawshank after being found guilty of a crime he did not commit. The film portrays the man's unique way of dealing with his new, torturous life; along the way he befriends a number of fellow prisoners, most notably a wise long-term inmate named Red.",25000000.0,727327.0,28699976.0,28817291.0,89 min,Dolby Digital,Color,1.85 : 1
Retour vers le futur,8.5,87,1.080.881,Adventure; Come,Frank Darabont,Stephen King,2h 22min,1995-03-1,USA,Sandy Point; St. Croix; U.S. Virgin Islands,9064,"Chronicles the experiences of a formerly successful banker as a prisoner in the gloomy jailhouse of Shawshank after being found guilty of a crime he did not commit. The film portrays the man's unique way of dealing with his new, torturous life; along the way he befriends a number of fellow prisoners, most notably a wise long-term inmate named Red.",25000000.0,727327.0,28699976.0,28817291.0,116 min,Dolby Digital,Color,1.85 : 1
Varljivo leto '68,8.5,xxx,5.022,Comedy; Drama;,Frank Darabont,Stephen King,2h 22min,1995-03-1,USA,Sandy Point; St. Croix; U.S. Virgin Islands,9064,"Chronicles the experiences of a formerly successful banker as a prisoner in the gloomy jailhouse of Shawshank after being found guilty of a crime he did not commit. The film portrays the man's unique way of dealing with his new, torturous life; along the way he befriends a number of fellow prisoners, most notably a wise long-term inmate named Red.",25000000.0,727327.0,28699976.0,28817291.0,91 min,Dolby Digital,Color,1.85 : 1
Gol Maal,8.5,xxx,18.262,Comedy; Romance,Frank Darabont,Stephen King,2h 22min,1995-03-1,USA,Sandy Point; St. Croix; U.S. Virgin Islands,9064,"Chronicles the experiences of a formerly successful banker as a prisoner in the gloomy jailhouse of Shawshank after being found guilty of a crime he did not commit. The film portrays the man's unique way of dealing with his new, torturous life; along the way he befriends a number of fellow prisoners, most notably a wise long-term inmate named Red.",25000000.0,727327.0,28699976.0,28817291.0,120 min,Dolby Digital,Color,1.85 : 1
Grand Prix Pignon-sur-Roc,8.5,xxx,12.671,Animation; Come,Frank Darabont,Stephen King,2h 22min,1995-03-1,USA,Sandy Point; St. Croix; U.S. Virgin Islands,9064,"Chronicles the experiences of a formerly successful banker as a prisoner in the gloomy jailhouse of Shawshank after being found guilty of a crime he did not commit. The film portrays the man's unique way of dealing with his new, torturous life; along the way he befriends a number of fellow prisoners, most notably a wise long-term inmate named Red.",25000000.0,727327.0,28699976.0,28817291.0,88 min,Dolby Digital,Color,1.85 : 1
Dzhentlmeny udachi,8.5,xxx,10.716,Comedy; Crime;,Frank Darabont,Stephen King,2h 22min,1995-03-1,USA,Sandy Point; St. Croix; U.S. Virgin Islands,9064,"Chronicles the experiences of a formerly successful banker as a prisoner in the gloomy jailhouse of Shawshank after being found guilty of a crime he did not commit. The film portrays the man's unique way of dealing with his new, torturous life; along the way he befriends a number of fellow prisoners, most notably a wise long-term inmate named Red.",25000000.0,727327.0,28699976.0,28817291.0,88 min,Dolby Digital,Color,1.85 : 1
Il était une fois dans l'Ouest,8.5,80,307.566,Western,Frank Darabont,Stephen King,2h 22min,1995-03-1,USA,Sandy Point; St. Croix; U.S. Virgin Islands,9064,"Chronicles the experiences of a formerly successful banker as a prisoner in the gloomy jailhouse of Shawshank after being found guilty of a crime he did not commit. The film portrays the man's unique way of dealing with his new, torturous life; along the way he befriends a number of fellow prisoners, most notably a wise long-term inmate named Red.",25000000.0,727327.0,28699976.0,28817291.0,165 min,Dolby Digital,Color,1.85 : 1
La Femme du sable,8.5,xxx,17.909,Drama; Thriller,Frank Darabont,Stephen King,2h 22min,1995-03-1,USA,Sandy Point; St. Croix; U.S. Virgin Islands,9064,"Chronicles the experiences of a formerly successful banker as a prisoner in the gloomy jailhouse of Shawshank after being found guilty of a crime he did not commit. The film portrays the man's unique way of dealing with his new, torturous life; along the way he befriends a number of fellow prisoners, most notably a wise long-term inmate named Red.",25000000.0,727327.0,28699976.0,28817291.0,147 min,Dolby Digital,Color,1.85 : 1
Le trou,8.5,xxx,15.949,Crime; Drama; T,Frank Darabont,Stephen King,2h 22min,1995-03-1,USA,Sandy Point; St. Croix; U.S. Virgin Islands,9064,"Chronicles the experiences of a formerly successful banker as a prisoner in the gloomy jailhouse of Shawshank after being found guilty of a crime he did not commit. The film portrays the man's unique way of dealing with his new, torturous life; along the way he befriends a number of fellow prisoners, most notably a wise long-term inmate named Red.",25000000.0,727327.0,28699976.0,28817291.0,131 min,Dolby Digital,Color,1.85 : 1
Psychose,8.5,97,615.068,Horror; Mystery,Frank Darabont,Stephen King,2h 22min,1995-03-1,USA,Sandy Point; St. Croix; U.S. Virgin Islands,9064,"Chronicles the experiences of a formerly successful banker as a prisoner in the gloomy jailhouse of Shawshank after being found guilty of a crime he did not commit. The film portrays the man's unique way of dealing with his new, torturous life; along the way he befriends a number of fellow prisoners, most notably a wise long-term inmate named Red.",25000000.0,727327.0,28699976.0,28817291.0,109 min,Dolby Digital,Color,1.85 : 1
